{
	"easycom": {
			"^u-(.*)": "@/uview-ui/components/u-$1/u-$1.vue"
		},
	
	"pages": [ //pages数组中第一项表示应用启动页，参考：https://uniapp.dcloud.io/collocation/pages
		{
			"path": "pages/index/index",
			"style": {
				"navigationBarTitleText": ""
			}
		},
		
		{
			"path" : "pages/result/result",
			"style" : 
			{
				"navigationBarTitleText" : "",
				"enablePullDownRefresh" : false,
				"navigationBarBackgroundColor": "#fff"
			}
		},
		
		{
			"path" : "pages/camera/camera",
			"style" : 
			{
				"navigationBarTitleText" : "",
				"enablePullDownRefresh" : false
			}
		},
		
		{
			"path" : "pages/home/home",
			"style" : 
			{
				"navigationBarTitleText" : "",
				"enablePullDownRefresh" : false,
				"navigationBarBackgroundColor": "#fff"
			}
		},
		
		{
			"path" : "pages/register/register",
			"style" : 
			{
				"navigationBarTitleText" : "",
				"enablePullDownRefresh" : false
			}
		},
		
		{
			"path" : "pages/company/company",
			"style" : 
			{
				"navigationBarTitleText" : "",
				"enablePullDownRefresh" : false
			}
		}
	],
	"globalStyle": {
		"navigationBarTextStyle": "black",
		"navigationBarTitleText": "",
		"navigationBarBackgroundColor": "#fdfce2"
	},
	"tabBar":{
		"borderStyle": "black",
		"selectedColor": "#FF8D1A",
		"color": "#808080",
		"backgroundColor": "#fff",
		"list":[
			{
				"pagePath": "pages/home/home",
				"iconPath": "static/home.png",
				"selectedIconPath": "static/home1.png",
				"text": "首页"
			},
			
			{
				"pagePath": "pages/camera/camera",
				"iconPath": "static/scan.png",
				"selectedIconPath": "static/scan1.png",
				"text": "扫描"
			},
			
			{
				"pagePath": "pages/result/result",
				"iconPath": "static/person.png",
				"selectedIconPath": "static/person1.png",
				"text": "个人中心"
			}
		]
	},
	"uniIdRouter": {}
}
